quantum,fileID,turnAroundTime,waitingTime
1,1,28,18
1,1,56,46
1,1,84,74
1,1,114,103
1,1,142,132
1,1,171,160
1,1,201,190
1,1,229,218
1,1,257,247
1,1,286,275
1,1,316,305
1,1,343,333
1,1,371,361
1,1,398,388
1,1,428,417
1,1,458,447
1,1,486,476
1,1,514,504
1,1,542,532
1,1,570,560
1,1,598,587
1,1,626,616
1,1,654,644
1,1,683,672
1,1,711,701
1,1,739,729
1,1,765,755
1,1,793,783
1,1,821,811
1,1,849,839
1,1,876,866
1,1,906,895
1,1,935,924
1,1,965,954
1,1,993,983
1,1,1020,1010
1,1,1049,1038
1,1,1078,1067
1,1,1104,1094
1,1,1132,1122
1,1,1162,1151
1,1,1191,1180
1,1,1219,1209
1,1,1248,1237
1,1,1278,1267
1,1,1308,1297
1,1,1338,1327
1,1,1366,1356
1,1,1396,1385
1,1,1426,1415
1,2,30,19
1,2,58,48
1,2,87,76
1,2,114,104
1,2,143,132
1,2,173,162
1,2,200,190
1,2,227,217
1,2,254,244
1,2,283,272
1,2,313,302
1,2,342,331
1,2,369,359
1,2,397,387
1,2,427,416
1,2,455,445
1,2,484,473
1,2,513,502
1,2,543,532
1,2,573,562
1,2,601,590
1,2,628,618
1,2,654,644
1,2,683,672
1,2,710,700
1,2,740,729
1,2,770,759
1,2,798,788
1,2,828,817
1,2,858,847
1,2,885,875
1,2,913,902
1,2,941,931
1,2,969,959
1,2,997,987
1,2,1025,1015
1,2,1052,1042
1,2,1082,1071
1,2,1110,1100
1,2,1137,1127
1,2,1164,1154
1,2,1192,1182
1,2,1220,1210
1,2,1250,1239
1,2,1279,1268
1,2,1308,1297
1,2,1338,1327
1,2,1368,1357
1,2,1398,1387
1,2,1426,1416
1,3,30,19
1,3,60,49
1,3,87,77
1,3,115,105
1,3,145,134
1,3,173,163
1,3,199,189
1,3,228,217
1,3,253,243
1,3,283,272
1,3,310,300
1,3,338,328
1,3,368,357
1,3,394,384
1,3,423,412
1,3,452,441
1,3,482,471
1,3,512,501
1,3,542,531
1,3,568,558
1,3,596,586
1,3,625,614
1,3,655,644
1,3,685,674
1,3,715,704
1,3,745,734
1,3,773,763
1,3,802,791
1,3,829,819
1,3,857,847
1,3,887,876
1,3,913,902
1,3,943,932
1,3,973,962
1,3,1003,992
1,3,1033,1022
1,3,1061,1051
1,3,1089,1079
1,3,1117,1107
1,3,1147,1136
1,3,1177,1166
1,3,1205,1195
1,3,1231,1221
1,3,1260,1249
1,3,1286,1276
1,3,1313,1303
1,3,1343,1332
1,3,1373,1362
1,3,1400,1390
1,3,1428,1418
1,4,28,18
1,4,57,46
1,4,84,74
1,4,112,102
1,4,139,129
1,4,167,156
1,4,197,186
1,4,226,215
1,4,253,243
1,4,281,271
1,4,309,299
1,4,337,326
1,4,367,356
1,4,397,386
1,4,425,415
1,4,454,443
1,4,481,471
1,4,511,500
1,4,539,529
1,4,569,558
1,4,596,586
1,4,624,614
1,4,654,643
1,4,682,672
1,4,710,700
1,4,738,727
1,4,765,755
1,4,795,784
1,4,823,813
1,4,850,839
1,4,878,868
1,4,906,896
1,4,930,920
1,4,960,949
1,4,990,979
1,4,1018,1008
1,4,1046,1036
1,4,1074,1064
1,4,1102,1092
1,4,1129,1119
1,4,1157,1147
1,4,1187,1176
1,4,1217,1206
1,4,1245,1235
1,4,1275,1264
1,4,1305,1294
1,4,1335,1324
1,4,1365,1354
1,4,1393,1383
1,4,1423,1412
1,5,28,18
1,5,56,46
1,5,84,74
1,5,113,102
1,5,140,130
1,5,168,158
1,5,195,185
1,5,223,212
1,5,251,241
1,5,279,269
1,5,308,297
1,5,338,327
1,5,368,357
1,5,395,385
1,5,425,414
1,5,453,443
1,5,481,471
1,5,511,500
1,5,539,529
1,5,567,557
1,5,594,584
1,5,624,613
1,5,653,642
1,5,682,671
1,5,712,701
1,5,742,731
1,5,771,760
1,5,801,790
1,5,829,819
1,5,859,848
1,5,889,878
1,5,918,907
1,5,948,937
1,5,977,966
1,5,1007,996
1,5,1035,1025
1,5,1063,1052
1,5,1093,1082
1,5,1123,1112
1,5,1153,1142
1,5,1181,1170
1,5,1210,1199
1,5,1237,1226
1,5,1264,1254
1,5,1293,1282
1,5,1321,1311
1,5,1348,1338
1,5,1378,1367
1,5,1406,1396
1,5,1436,1425
2,1,24,14
2,1,48,38
2,1,72,62
2,1,98,87
2,1,122,112
2,1,147,136
2,1,173,162
2,1,197,186
2,1,221,211
2,1,246,235
2,1,272,261
2,1,295,285
2,1,319,309
2,1,342,332
2,1,368,357
2,1,394,383
2,1,418,408
2,1,442,432
2,1,466,456
2,1,490,480
2,1,514,503
2,1,538,528
2,1,562,552
2,1,587,576
2,1,611,601
2,1,635,625
2,1,657,647
2,1,681,671
2,1,705,695
2,1,729,719
2,1,752,742
2,1,778,767
2,1,803,792
2,1,829,818
2,1,853,843
2,1,876,866
2,1,901,890
2,1,926,915
2,1,948,938
2,1,972,962
2,1,998,987
2,1,1023,1012
2,1,1047,1037
2,1,1072,1061
2,1,1098,1087
2,1,1124,1113
2,1,1150,1139
2,1,1174,1164
2,1,1200,1189
2,1,1226,1215
2,2,26,15
2,2,50,40
2,2,75,64
2,2,98,88
2,2,123,112
2,2,149,138
2,2,172,162
2,2,195,185
2,2,218,208
2,2,243,232
2,2,269,258
2,2,294,283
2,2,317,307
2,2,341,331
2,2,367,356
2,2,391,381
2,2,416,405
2,2,441,430
2,2,467,456
2,2,493,482
2,2,517,506
2,2,540,530
2,2,562,552
2,2,587,576
2,2,610,600
2,2,636,625
2,2,662,651
2,2,686,676
2,2,712,701
2,2,738,727
2,2,761,751
2,2,785,774
2,2,809,799
2,2,833,823
2,2,857,847
2,2,881,871
2,2,904,894
2,2,930,919
2,2,954,944
2,2,977,967
2,2,1000,990
2,2,1024,1014
2,2,1048,1038
2,2,1074,1063
2,2,1099,1088
2,2,1124,1113
2,2,1150,1139
2,2,1176,1165
2,2,1202,1191
2,2,1226,1216
2,3,26,15
2,3,52,41
2,3,75,65
2,3,99,89
2,3,125,114
2,3,149,139
2,3,171,161
2,3,196,185
2,3,217,207
2,3,243,232
2,3,266,256
2,3,290,280
2,3,316,305
2,3,338,328
2,3,363,352
2,3,388,377
2,3,414,403
2,3,440,429
2,3,466,455
2,3,488,478
2,3,512,502
2,3,537,526
2,3,563,552
2,3,589,578
2,3,615,604
2,3,641,630
2,3,665,655
2,3,690,679
2,3,713,703
2,3,737,727
2,3,763,752
2,3,785,774
2,3,811,800
2,3,837,826
2,3,863,852
2,3,889,878
2,3,913,903
2,3,937,927
2,3,961,951
2,3,987,976
2,3,1013,1002
2,3,1037,1027
2,3,1059,1049
2,3,1084,1073
2,3,1106,1096
2,3,1129,1119
2,3,1155,1144
2,3,1181,1170
2,3,1204,1194
2,3,1228,1218
2,4,24,14
2,4,49,38
2,4,72,62
2,4,96,86
2,4,119,109
2,4,143,132
2,4,169,158
2,4,194,183
2,4,217,207
2,4,241,231
2,4,265,255
2,4,289,278
2,4,315,304
2,4,341,330
2,4,365,355
2,4,390,379
2,4,413,403
2,4,439,428
2,4,463,453
2,4,489,478
2,4,512,502
2,4,536,526
2,4,562,551
2,4,586,576
2,4,610,600
2,4,634,623
2,4,657,647
2,4,683,672
2,4,707,697
2,4,730,719
2,4,754,744
2,4,778,768
2,4,798,788
2,4,824,813
2,4,850,839
2,4,874,864
2,4,898,888
2,4,922,912
2,4,946,936
2,4,969,959
2,4,993,983
2,4,1019,1008
2,4,1045,1034
2,4,1069,1059
2,4,1095,1084
2,4,1121,1110
2,4,1147,1136
2,4,1173,1162
2,4,1197,1187
2,4,1223,1212
2,5,24,14
2,5,48,38
2,5,72,62
2,5,97,86
2,5,120,110
2,5,144,134
2,5,167,157
2,5,191,180
2,5,215,205
2,5,239,229
2,5,264,253
2,5,290,279
2,5,316,305
2,5,339,329
2,5,365,354
2,5,389,379
2,5,413,403
2,5,439,428
2,5,463,453
2,5,487,477
2,5,510,500
2,5,536,525
2,5,561,550
2,5,586,575
2,5,612,601
2,5,638,627
2,5,663,652
2,5,689,678
2,5,713,703
2,5,739,728
2,5,765,754
2,5,790,779
2,5,816,805
2,5,841,830
2,5,867,856
2,5,891,881
2,5,915,904
2,5,941,930
2,5,967,956
2,5,993,982
2,5,1017,1006
2,5,1042,1031
2,5,1065,1054
2,5,1088,1078
2,5,1113,1102
2,5,1137,1127
2,5,1160,1150
2,5,1186,1175
2,5,1210,1200
2,5,1236,1225
3,1,24,14
3,1,48,38
3,1,72,62
3,1,97,86
3,1,121,111
3,1,145,134
3,1,170,159
3,1,193,182
3,1,217,207
3,1,241,230
3,1,266,255
3,1,289,279
3,1,313,303
3,1,336,326
3,1,361,350
3,1,386,375
3,1,410,400
3,1,434,424
3,1,458,448
3,1,482,472
3,1,505,494
3,1,529,519
3,1,553,543
3,1,577,566
3,1,601,591
3,1,625,615
3,1,647,637
3,1,671,661
3,1,695,685
3,1,719,709
3,1,742,732
3,1,767,756
3,1,791,780
3,1,816,805
3,1,840,830
3,1,863,853
3,1,887,876
3,1,911,900
3,1,933,923
3,1,957,947
3,1,982,971
3,1,1006,995
3,1,1030,1020
3,1,1054,1043
3,1,1079,1068
3,1,1104,1093
3,1,1129,1118
3,1,1153,1143
3,1,1178,1167
3,1,1203,1192
3,2,25,14
3,2,49,39
3,2,73,62
3,2,96,86
3,2,120,109
3,2,145,134
3,2,168,158
3,2,191,181
3,2,214,204
3,2,238,227
3,2,263,252
3,2,287,276
3,2,310,300
3,2,334,324
3,2,359,348
3,2,383,373
3,2,407,396
3,2,431,420
3,2,456,445
3,2,481,470
3,2,504,493
3,2,527,517
3,2,549,539
3,2,573,562
3,2,596,586
3,2,621,610
3,2,646,635
3,2,670,660
3,2,695,684
3,2,720,709
3,2,743,733
3,2,766,755
3,2,790,780
3,2,814,804
3,2,838,828
3,2,862,852
3,2,885,875
3,2,910,899
3,2,934,924
3,2,957,947
3,2,980,970
3,2,1004,994
3,2,1028,1018
3,2,1053,1042
3,2,1077,1066
3,2,1101,1090
3,2,1126,1115
3,2,1151,1140
3,2,1176,1165
3,2,1200,1190
3,3,25,14
3,3,50,39
3,3,73,63
3,3,97,87
3,3,122,111
3,3,146,136
3,3,168,158
3,3,192,181
3,3,213,203
3,3,238,227
3,3,261,251
3,3,285,275
3,3,310,299
3,3,332,322
3,3,356,345
3,3,380,369
3,3,405,394
3,3,430,419
3,3,455,444
3,3,477,467
3,3,501,491
3,3,525,514
3,3,550,539
3,3,575,564
3,3,600,589
3,3,625,614
3,3,649,639
3,3,673,662
3,3,696,686
3,3,720,710
3,3,745,734
3,3,766,755
3,3,791,780
3,3,816,805
3,3,841,830
3,3,866,855
3,3,890,880
3,3,914,904
3,3,938,928
3,3,963,952
3,3,988,977
3,3,1012,1002
3,3,1034,1024
3,3,1058,1047
3,3,1080,1070
3,3,1103,1093
3,3,1128,1117
3,3,1153,1142
3,3,1176,1166
3,3,1200,1190
3,4,24,14
3,4,48,37
3,4,71,61
3,4,95,85
3,4,118,108
3,4,141,130
3,4,166,155
3,4,190,179
3,4,213,203
3,4,237,227
3,4,261,251
3,4,284,273
3,4,309,298
3,4,334,323
3,4,358,348
3,4,382,371
3,4,405,395
3,4,430,419
3,4,454,444
3,4,479,468
3,4,502,492
3,4,526,516
3,4,551,540
3,4,575,565
3,4,599,589
3,4,622,611
3,4,645,635
3,4,670,659
3,4,694,684
3,4,716,705
3,4,740,730
3,4,764,754
3,4,784,774
3,4,809,798
3,4,834,823
3,4,858,848
3,4,882,872
3,4,906,896
3,4,930,920
3,4,953,943
3,4,977,967
3,4,1002,991
3,4,1027,1016
3,4,1051,1041
3,4,1076,1065
3,4,1101,1090
3,4,1126,1115
3,4,1151,1140
3,4,1175,1165
3,4,1200,1189
3,5,24,14
3,5,48,38
3,5,72,62
3,5,96,85
3,5,119,109
3,5,143,133
3,5,166,156
3,5,189,178
3,5,213,203
3,5,237,227
3,5,261,250
3,5,286,275
3,5,311,300
3,5,334,324
3,5,359,348
3,5,383,373
3,5,407,397
3,5,432,421
3,5,456,446
3,5,480,470
3,5,503,493
3,5,528,517
3,5,552,541
3,5,576,565
3,5,601,590
3,5,626,615
3,5,650,639
3,5,675,664
3,5,699,689
3,5,724,713
3,5,749,738
3,5,773,762
3,5,798,787
3,5,822,811
3,5,847,836
3,5,871,861
3,5,894,883
3,5,919,908
3,5,944,933
3,5,969,958
3,5,992,981
3,5,1016,1005
3,5,1038,1027
3,5,1061,1051
3,5,1085,1074
3,5,1109,1099
3,5,1132,1122
3,5,1157,1146
3,5,1181,1171
3,5,1206,1195
4,1,22,12
4,1,44,34
4,1,66,56
4,1,90,79
4,1,112,102
4,1,135,124
4,1,159,148
4,1,181,170
4,1,203,193
4,1,226,215
4,1,250,239
4,1,271,261
4,1,293,283
4,1,314,304
4,1,338,327
4,1,362,351
4,1,384,374
4,1,406,396
4,1,428,418
4,1,450,440
4,1,472,461
4,1,494,484
4,1,516,506
4,1,539,528
4,1,561,551
4,1,583,573
4,1,603,593
4,1,625,615
4,1,647,637
4,1,669,659
4,1,690,680
4,1,714,703
4,1,737,726
4,1,761,750
4,1,783,773
4,1,804,794
4,1,827,816
4,1,850,839
4,1,870,860
4,1,892,882
4,1,916,905
4,1,939,928
4,1,961,951
4,1,984,973
4,1,1008,997
4,1,1032,1021
4,1,1056,1045
4,1,1078,1068
4,1,1102,1091
4,1,1126,1115
4,2,24,13
4,2,46,36
4,2,69,58
4,2,90,80
4,2,113,102
4,2,137,126
4,2,158,148
4,2,179,169
4,2,200,190
4,2,223,212
4,2,247,236
4,2,270,259
4,2,291,281
4,2,313,303
4,2,337,326
4,2,359,349
4,2,382,371
4,2,405,394
4,2,429,418
4,2,453,442
4,2,475,464
4,2,496,486
4,2,516,506
4,2,539,528
4,2,560,550
4,2,584,573
4,2,608,597
4,2,630,620
4,2,654,643
4,2,678,667
4,2,699,689
4,2,721,710
4,2,743,733
4,2,765,755
4,2,787,777
4,2,809,799
4,2,830,820
4,2,854,843
4,2,876,866
4,2,897,887
4,2,918,908
4,2,940,930
4,2,962,952
4,2,986,975
4,2,1009,998
4,2,1032,1021
4,2,1056,1045
4,2,1080,1069
4,2,1104,1093
4,2,1126,1116
4,3,24,13
4,3,48,37
4,3,69,59
4,3,91,81
4,3,115,104
4,3,137,127
4,3,157,147
4,3,180,169
4,3,199,189
4,3,223,212
4,3,244,234
4,3,266,256
4,3,290,279
4,3,310,300
4,3,333,322
4,3,356,345
4,3,380,369
4,3,404,393
4,3,428,417
4,3,448,438
4,3,470,460
4,3,493,482
4,3,517,506
4,3,541,530
4,3,565,554
4,3,589,578
4,3,611,601
4,3,634,623
4,3,655,645
4,3,677,667
4,3,701,690
4,3,721,710
4,3,745,734
4,3,769,758
4,3,793,782
4,3,817,806
4,3,839,829
4,3,861,851
4,3,883,873
4,3,907,896
4,3,931,920
4,3,953,943
4,3,973,963
4,3,996,985
4,3,1016,1006
4,3,1037,1027
4,3,1061,1050
4,3,1085,1074
4,3,1106,1096
4,3,1128,1118
4,4,22,12
4,4,45,34
4,4,66,56
4,4,88,78
4,4,109,99
4,4,131,120
4,4,155,144
4,4,178,167
4,4,199,189
4,4,221,211
4,4,243,233
4,4,265,254
4,4,289,278
4,4,313,302
4,4,335,325
4,4,358,347
4,4,379,369
4,4,403,392
4,4,425,415
4,4,449,438
4,4,470,460
4,4,492,482
4,4,516,505
4,4,538,528
4,4,560,550
4,4,582,571
4,4,603,593
4,4,627,616
4,4,649,639
4,4,670,659
4,4,692,682
4,4,714,704
4,4,732,722
4,4,756,745
4,4,780,769
4,4,802,792
4,4,824,814
4,4,846,836
4,4,868,858
4,4,889,879
4,4,911,901
4,4,935,924
4,4,959,948
4,4,981,971
4,4,1005,994
4,4,1029,1018
4,4,1053,1042
4,4,1077,1066
4,4,1099,1089
4,4,1123,1112
4,5,22,12
4,5,44,34
4,5,66,56
4,5,89,78
4,5,110,100
4,5,132,122
4,5,153,143
4,5,175,164
4,5,197,187
4,5,219,209
4,5,242,231
4,5,266,255
4,5,290,279
4,5,311,301
4,5,335,324
4,5,357,347
4,5,379,369
4,5,403,392
4,5,425,415
4,5,447,437
4,5,468,458
4,5,492,481
4,5,515,504
4,5,538,527
4,5,562,551
4,5,586,575
4,5,609,598
4,5,633,622
4,5,655,645
4,5,679,668
4,5,703,692
4,5,726,715
4,5,750,739
4,5,773,762
4,5,797,786
4,5,819,809
4,5,841,830
4,5,865,854
4,5,889,878
4,5,913,902
4,5,935,924
4,5,958,947
4,5,979,968
4,5,1000,990
4,5,1023,1012
4,5,1045,1035
4,5,1066,1056
4,5,1090,1079
4,5,1112,1102
4,5,1136,1125
5,1,13,3
5,1,26,16
5,1,39,29
5,1,61,50
5,1,74,64
5,1,95,84
5,1,117,106
5,1,137,126
5,1,150,140
5,1,171,160
5,1,193,182
5,1,205,195
5,1,218,208
5,1,230,220
5,1,252,241
5,1,274,263
5,1,287,277
5,1,300,290
5,1,313,303
5,1,326,316
5,1,346,335
5,1,359,349
5,1,372,362
5,1,393,382
5,1,406,396
5,1,419,409
5,1,430,420
5,1,443,433
5,1,456,446
5,1,469,459
5,1,481,471
5,1,503,492
5,1,524,513
5,1,546,535
5,1,559,549
5,1,571,561
5,1,592,581
5,1,613,602
5,1,624,614
5,1,637,627
5,1,659,648
5,1,680,669
5,1,693,683
5,1,714,703
5,1,736,725
5,1,758,747
5,1,780,769
5,1,793,783
5,1,815,804
5,1,837,826
5,2,22,11
5,2,35,25
5,2,56,45
5,2,68,58
5,2,89,78
5,2,111,100
5,2,123,113
5,2,135,125
5,2,147,137
5,2,168,157
5,2,190,179
5,2,211,200
5,2,223,213
5,2,236,226
5,2,258,247
5,2,271,261
5,2,292,281
5,2,313,302
5,2,335,324
5,2,357,346
5,2,377,366
5,2,389,379
5,2,400,390
5,2,421,410
5,2,433,423
5,2,455,444
5,2,477,466
5,2,490,480
5,2,512,501
5,2,534,523
5,2,546,536
5,2,566,555
5,2,579,569
5,2,592,582
5,2,605,595
5,2,618,608
5,2,630,620
5,2,652,641
5,2,665,655
5,2,677,667
5,2,689,679
5,2,702,692
5,2,715,705
5,2,737,726
5,2,758,747
5,2,779,768
5,2,801,790
5,2,823,812
5,2,845,834
5,2,858,848
5,3,22,11
5,3,44,33
5,3,56,46
5,3,69,59
5,3,91,80
5,3,104,94
5,3,115,105
5,3,136,125
5,3,146,136
5,3,168,157
5,3,180,170
5,3,193,183
5,3,215,204
5,3,226,216
5,3,247,236
5,3,268,257
5,3,290,279
5,3,312,301
5,3,334,323
5,3,345,335
5,3,358,348
5,3,379,368
5,3,401,390
5,3,423,412
5,3,445,434
5,3,467,456
5,3,480,470
5,3,501,490
5,3,513,503
5,3,526,516
5,3,548,537
5,3,566,555
5,3,588,577
5,3,610,599
5,3,632,621
5,3,654,643
5,3,667,657
5,3,680,670
5,3,693,683
5,3,715,704
5,3,737,726
5,3,750,740
5,3,761,751
5,3,782,771
5,3,793,783
5,3,805,795
5,3,827,816
5,3,849,838
5,3,861,851
5,3,874,864
5,4,13,3
5,4,34,23
5,4,46,36
5,4,59,49
5,4,71,61
5,4,91,80
5,4,113,102
5,4,134,123
5,4,146,136
5,4,159,149
5,4,172,162
5,4,192,181
5,4,214,203
5,4,236,225
5,4,249,239
5,4,270,259
5,4,282,272
5,4,304,293
5,4,317,307
5,4,339,328
5,4,351,341
5,4,364,354
5,4,386,375
5,4,399,389
5,4,412,402
5,4,432,421
5,4,444,434
5,4,466,455
5,4,479,469
5,4,498,487
5,4,511,501
5,4,524,514
5,4,533,523
5,4,555,544
5,4,577,566
5,4,590,580
5,4,603,593
5,4,616,606
5,4,629,619
5,4,641,631
5,4,654,644
5,4,676,665
5,4,698,687
5,4,711,701
5,4,733,722
5,4,755,744
5,4,777,766
5,4,799,788
5,4,812,802
5,4,834,823
5,5,13,3
5,5,26,16
5,5,39,29
5,5,60,49
5,5,72,62
5,5,85,75
5,5,97,87
5,5,117,106
5,5,130,120
5,5,143,133
5,5,164,153
5,5,186,175
5,5,208,197
5,5,220,210
5,5,242,231
5,5,255,245
5,5,268,258
5,5,290,279
5,5,303,293
5,5,316,306
5,5,328,318
5,5,350,339
5,5,371,360
5,5,392,381
5,5,414,403
5,5,436,425
5,5,457,446
5,5,479,468
5,5,492,482
5,5,514,503
5,5,536,525
5,5,557,546
5,5,579,568
5,5,600,589
5,5,622,611
5,5,635,625
5,5,655,644
5,5,677,666
5,5,699,688
5,5,721,710
5,5,741,730
5,5,762,751
5,5,781,770
5,5,793,783
5,5,814,803
5,5,827,817
5,5,839,829
5,5,861,850
5,5,874,864
5,5,896,885
6,1,23,13
6,1,46,36
6,1,69,59
6,1,94,83
6,1,117,107
6,1,141,130
6,1,166,155
6,1,189,178
6,1,212,202
6,1,236,225
6,1,261,250
6,1,283,273
6,1,306,296
6,1,328,318
6,1,353,342
6,1,378,367
6,1,401,391
6,1,424,414
6,1,447,437
6,1,470,460
6,1,493,482
6,1,516,506
6,1,539,529
6,1,563,552
6,1,586,576
6,1,609,599
6,1,630,620
6,1,653,643
6,1,676,666
6,1,699,689
6,1,721,711
6,1,746,735
6,1,770,759
6,1,795,784
6,1,818,808
6,1,840,830
6,1,864,853
6,1,888,877
6,1,909,899
6,1,932,922
6,1,957,946
6,1,981,970
6,1,1004,994
6,1,1028,1017
6,1,1053,1042
6,1,1078,1067
6,1,1103,1092
6,1,1126,1116
6,1,1151,1140
6,1,1176,1165
6,2,25,14
6,2,48,38
6,2,72,61
6,2,94,84
6,2,118,107
6,2,143,132
6,2,165,155
6,2,187,177
6,2,209,199
6,2,233,222
6,2,258,247
6,2,282,271
6,2,304,294
6,2,327,317
6,2,352,341
6,2,375,365
6,2,399,388
6,2,423,412
6,2,448,437
6,2,473,462
6,2,496,485
6,2,518,508
6,2,539,529
6,2,563,552
6,2,585,575
6,2,610,599
6,2,635,624
6,2,658,648
6,2,683,672
6,2,708,697
6,2,730,720
6,2,753,742
6,2,776,766
6,2,799,789
6,2,822,812
6,2,845,835
6,2,867,857
6,2,892,881
6,2,915,905
6,2,937,927
6,2,959,949
6,2,982,972
6,2,1005,995
6,2,1030,1019
6,2,1054,1043
6,2,1078,1067
6,2,1103,1092
6,2,1128,1117
6,2,1153,1142
6,2,1176,1166
6,3,25,14
6,3,50,39
6,3,72,62
6,3,95,85
6,3,120,109
6,3,143,133
6,3,164,154
6,3,188,177
6,3,208,198
6,3,233,222
6,3,255,245
6,3,278,268
6,3,303,292
6,3,324,314
6,3,348,337
6,3,372,361
6,3,397,386
6,3,422,411
6,3,447,436
6,3,468,458
6,3,491,481
6,3,515,504
6,3,540,529
6,3,565,554
6,3,590,579
6,3,615,604
6,3,638,628
6,3,662,651
6,3,684,674
6,3,707,697
6,3,732,721
6,3,753,742
6,3,778,767
6,3,803,792
6,3,828,817
6,3,853,842
6,3,876,866
6,3,899,889
6,3,922,912
6,3,947,936
6,3,972,961
6,3,995,985
6,3,1016,1006
6,3,1040,1029
6,3,1061,1051
6,3,1083,1073
6,3,1108,1097
6,3,1133,1122
6,3,1155,1145
6,3,1178,1168
6,4,23,13
6,4,47,36
6,4,69,59
6,4,92,82
6,4,114,104
6,4,137,126
6,4,162,151
6,4,186,175
6,4,208,198
6,4,231,221
6,4,254,244
6,4,277,266
6,4,302,291
6,4,327,316
6,4,350,340
6,4,374,363
6,4,396,386
6,4,421,410
6,4,444,434
6,4,469,458
6,4,491,481
6,4,514,504
6,4,539,528
6,4,562,552
6,4,585,575
6,4,608,597
6,4,630,620
6,4,655,644
6,4,678,668
6,4,700,689
6,4,723,713
6,4,746,736
6,4,765,755
6,4,790,779
6,4,815,804
6,4,838,828
6,4,861,851
6,4,884,874
6,4,907,897
6,4,929,919
6,4,952,942
6,4,977,966
6,4,1002,991
6,4,1025,1015
6,4,1050,1039
6,4,1075,1064
6,4,1100,1089
6,4,1125,1114
6,4,1148,1138
6,4,1173,1162
6,5,23,13
6,5,46,36
6,5,69,59
6,5,93,82
6,5,115,105
6,5,138,128
6,5,160,150
6,5,183,172
6,5,206,196
6,5,229,219
6,5,253,242
6,5,278,267
6,5,303,292
6,5,325,315
6,5,350,339
6,5,373,363
6,5,396,386
6,5,421,410
6,5,444,434
6,5,467,457
6,5,489,479
6,5,514,503
6,5,538,527
6,5,562,551
6,5,587,576
6,5,612,601
6,5,636,625
6,5,661,650
6,5,684,674
6,5,709,698
6,5,734,723
6,5,758,747
6,5,783,772
6,5,807,796
6,5,832,821
6,5,855,845
6,5,878,867
6,5,903,892
6,5,928,917
6,5,953,942
6,5,976,965
6,5,1000,989
6,5,1022,1011
6,5,1044,1034
6,5,1068,1057
6,5,1091,1081
6,5,1113,1103
6,5,1138,1127
6,5,1161,1151
6,5,1186,1175
7,1,22,12
7,1,44,34
7,1,66,56
7,1,90,79
7,1,112,102
7,1,135,124
7,1,159,148
7,1,181,170
7,1,203,193
7,1,226,215
7,1,250,239
7,1,271,261
7,1,293,283
7,1,314,304
7,1,338,327
7,1,362,351
7,1,384,374
7,1,406,396
7,1,428,418
7,1,450,440
7,1,472,461
7,1,494,484
7,1,516,506
7,1,539,528
7,1,561,551
7,1,583,573
7,1,603,593
7,1,625,615
7,1,647,637
7,1,669,659
7,1,690,680
7,1,714,703
7,1,737,726
7,1,761,750
7,1,783,773
7,1,804,794
7,1,827,816
7,1,850,839
7,1,870,860
7,1,892,882
7,1,916,905
7,1,939,928
7,1,961,951
7,1,984,973
7,1,1008,997
7,1,1032,1021
7,1,1056,1045
7,1,1078,1068
7,1,1102,1091
7,1,1126,1115
7,2,24,13
7,2,46,36
7,2,69,58
7,2,90,80
7,2,113,102
7,2,137,126
7,2,158,148
7,2,179,169
7,2,200,190
7,2,223,212
7,2,247,236
7,2,270,259
7,2,291,281
7,2,313,303
7,2,337,326
7,2,359,349
7,2,382,371
7,2,405,394
7,2,429,418
7,2,453,442
7,2,475,464
7,2,496,486
7,2,516,506
7,2,539,528
7,2,560,550
7,2,584,573
7,2,608,597
7,2,630,620
7,2,654,643
7,2,678,667
7,2,699,689
7,2,721,710
7,2,743,733
7,2,765,755
7,2,787,777
7,2,809,799
7,2,830,820
7,2,854,843
7,2,876,866
7,2,897,887
7,2,918,908
7,2,940,930
7,2,962,952
7,2,986,975
7,2,1009,998
7,2,1032,1021
7,2,1056,1045
7,2,1080,1069
7,2,1104,1093
7,2,1126,1116
7,3,24,13
7,3,48,37
7,3,69,59
7,3,91,81
7,3,115,104
7,3,137,127
7,3,157,147
7,3,180,169
7,3,199,189
7,3,223,212
7,3,244,234
7,3,266,256
7,3,290,279
7,3,310,300
7,3,333,322
7,3,356,345
7,3,380,369
7,3,404,393
7,3,428,417
7,3,448,438
7,3,470,460
7,3,493,482
7,3,517,506
7,3,541,530
7,3,565,554
7,3,589,578
7,3,611,601
7,3,634,623
7,3,655,645
7,3,677,667
7,3,701,690
7,3,721,710
7,3,745,734
7,3,769,758
7,3,793,782
7,3,817,806
7,3,839,829
7,3,861,851
7,3,883,873
7,3,907,896
7,3,931,920
7,3,953,943
7,3,973,963
7,3,996,985
7,3,1016,1006
7,3,1037,1027
7,3,1061,1050
7,3,1085,1074
7,3,1106,1096
7,3,1128,1118
7,4,22,12
7,4,45,34
7,4,66,56
7,4,88,78
7,4,109,99
7,4,131,120
7,4,155,144
7,4,178,167
7,4,199,189
7,4,221,211
7,4,243,233
7,4,265,254
7,4,289,278
7,4,313,302
7,4,335,325
7,4,358,347
7,4,379,369
7,4,403,392
7,4,425,415
7,4,449,438
7,4,470,460
7,4,492,482
7,4,516,505
7,4,538,528
7,4,560,550
7,4,582,571
7,4,603,593
7,4,627,616
7,4,649,639
7,4,670,659
7,4,692,682
7,4,714,704
7,4,732,722
7,4,756,745
7,4,780,769
7,4,802,792
7,4,824,814
7,4,846,836
7,4,868,858
7,4,889,879
7,4,911,901
7,4,935,924
7,4,959,948
7,4,981,971
7,4,1005,994
7,4,1029,1018
7,4,1053,1042
7,4,1077,1066
7,4,1099,1089
7,4,1123,1112
7,5,22,12
7,5,44,34
7,5,66,56
7,5,89,78
7,5,110,100
7,5,132,122
7,5,153,143
7,5,175,164
7,5,197,187
7,5,219,209
7,5,242,231
7,5,266,255
7,5,290,279
7,5,311,301
7,5,335,324
7,5,357,347
7,5,379,369
7,5,403,392
7,5,425,415
7,5,447,437
7,5,468,458
7,5,492,481
7,5,515,504
7,5,538,527
7,5,562,551
7,5,586,575
7,5,609,598
7,5,633,622
7,5,655,645
7,5,679,668
7,5,703,692
7,5,726,715
7,5,750,739
7,5,773,762
7,5,797,786
7,5,819,809
7,5,841,830
7,5,865,854
7,5,889,878
7,5,913,902
7,5,935,924
7,5,958,947
7,5,979,968
7,5,1000,990
7,5,1023,1012
7,5,1045,1035
7,5,1066,1056
7,5,1090,1079
7,5,1112,1102
7,5,1136,1125
8,1,21,11
8,1,42,32
8,1,63,53
8,1,86,75
8,1,107,97
8,1,129,118
8,1,152,141
8,1,173,162
8,1,194,184
8,1,216,205
8,1,239,228
8,1,259,249
8,1,280,270
8,1,300,290
8,1,323,312
8,1,346,335
8,1,367,357
8,1,388,378
8,1,409,399
8,1,430,420
8,1,451,440
8,1,472,462
8,1,493,483
8,1,515,504
8,1,536,526
8,1,557,547
8,1,576,566
8,1,597,587
8,1,618,608
8,1,639,629
8,1,659,649
8,1,682,671
8,1,704,693
8,1,727,716
8,1,748,738
8,1,768,758
8,1,790,779
8,1,812,801
8,1,831,821
8,1,852,842
8,1,875,864
8,1,897,886
8,1,918,908
8,1,940,929
8,1,963,952
8,1,986,975
8,1,1009,998
8,1,1030,1020
8,1,1053,1042
8,1,1076,1065
8,2,23,12
8,2,44,34
8,2,66,55
8,2,86,76
8,2,108,97
8,2,131,120
8,2,151,141
8,2,171,161
8,2,191,181
8,2,213,202
8,2,236,225
8,2,258,247
8,2,278,268
8,2,299,289
8,2,322,311
8,2,343,333
8,2,365,354
8,2,387,376
8,2,410,399
8,2,433,422
8,2,454,443
8,2,474,464
8,2,493,483
8,2,515,504
8,2,535,525
8,2,558,547
8,2,581,570
8,2,602,592
8,2,625,614
8,2,648,637
8,2,668,658
8,2,689,678
8,2,710,700
8,2,731,721
8,2,752,742
8,2,773,763
8,2,793,783
8,2,816,805
8,2,837,827
8,2,857,847
8,2,877,867
8,2,898,888
8,2,919,909
8,2,942,931
8,2,964,953
8,2,986,975
8,2,1009,998
8,2,1032,1021
8,2,1055,1044
8,2,1076,1066
8,3,23,12
8,3,46,35
8,3,66,56
8,3,87,77
8,3,110,99
8,3,131,121
8,3,150,140
8,3,172,161
8,3,190,180
8,3,213,202
8,3,233,223
8,3,254,244
8,3,277,266
8,3,296,286
8,3,318,307
8,3,340,329
8,3,363,352
8,3,386,375
8,3,409,398
8,3,428,418
8,3,449,439
8,3,471,460
8,3,494,483
8,3,517,506
8,3,540,529
8,3,563,552
8,3,584,574
8,3,606,595
8,3,626,616
8,3,647,637
8,3,670,659
8,3,689,678
8,3,712,701
8,3,735,724
8,3,758,747
8,3,781,770
8,3,802,792
8,3,823,813
8,3,844,834
8,3,867,856
8,3,890,879
8,3,911,901
8,3,930,920
8,3,952,941
8,3,971,961
8,3,991,981
8,3,1014,1003
8,3,1037,1026
8,3,1057,1047
8,3,1078,1068
8,4,21,11
8,4,43,32
8,4,63,53
8,4,84,74
8,4,104,94
8,4,125,114
8,4,148,137
8,4,170,159
8,4,190,180
8,4,211,201
8,4,232,222
8,4,253,242
8,4,276,265
8,4,299,288
8,4,320,310
8,4,342,331
8,4,362,352
8,4,385,374
8,4,406,396
8,4,429,418
8,4,449,439
8,4,470,460
8,4,493,482
8,4,514,504
8,4,535,525
8,4,556,545
8,4,576,566
8,4,599,588
8,4,620,610
8,4,640,629
8,4,661,651
8,4,682,672
8,4,699,689
8,4,722,711
8,4,745,734
8,4,766,756
8,4,787,777
8,4,808,798
8,4,829,819
8,4,849,839
8,4,870,860
8,4,893,882
8,4,916,905
8,4,937,927
8,4,960,949
8,4,983,972
8,4,1006,995
8,4,1029,1018
8,4,1050,1040
8,4,1073,1062
8,5,21,11
8,5,42,32
8,5,63,53
8,5,85,74
8,5,105,95
8,5,126,116
8,5,146,136
8,5,167,156
8,5,188,178
8,5,209,199
8,5,231,220
8,5,254,243
8,5,277,266
8,5,297,287
8,5,320,309
8,5,341,331
8,5,362,352
8,5,385,374
8,5,406,396
8,5,427,417
8,5,447,437
8,5,470,459
8,5,492,481
8,5,514,503
8,5,537,526
8,5,560,549
8,5,582,571
8,5,605,594
8,5,626,616
8,5,649,638
8,5,672,661
8,5,694,683
8,5,717,706
8,5,739,728
8,5,762,751
8,5,783,773
8,5,804,793
8,5,827,816
8,5,850,839
8,5,873,862
8,5,894,883
8,5,916,905
8,5,936,925
8,5,956,946
8,5,978,967
8,5,999,989
8,5,1019,1009
8,5,1042,1031
8,5,1063,1053
8,5,1086,1075
9,1,20,10
9,1,40,30
9,1,60,50
9,1,82,71
9,1,102,92
9,1,123,112
9,1,145,134
9,1,165,154
9,1,185,175
9,1,206,195
9,1,228,217
9,1,247,237
9,1,267,257
9,1,286,276
9,1,308,297
9,1,330,319
9,1,350,340
9,1,370,360
9,1,390,380
9,1,410,400
9,1,430,419
9,1,450,440
9,1,470,460
9,1,491,480
9,1,511,501
9,1,531,521
9,1,549,539
9,1,569,559
9,1,589,579
9,1,609,599
9,1,628,618
9,1,650,639
9,1,671,660
9,1,693,682
9,1,713,703
9,1,732,722
9,1,753,742
9,1,774,763
9,1,792,782
9,1,812,802
9,1,834,823
9,1,855,844
9,1,875,865
9,1,896,885
9,1,918,907
9,1,940,929
9,1,962,951
9,1,982,972
9,1,1004,993
9,1,1026,1015
9,2,22,11
9,2,42,32
9,2,63,52
9,2,82,72
9,2,103,92
9,2,125,114
9,2,144,134
9,2,163,153
9,2,182,172
9,2,203,192
9,2,225,214
9,2,246,235
9,2,265,255
9,2,285,275
9,2,307,296
9,2,327,317
9,2,348,337
9,2,369,358
9,2,391,380
9,2,413,402
9,2,433,422
9,2,452,442
9,2,470,460
9,2,491,480
9,2,510,500
9,2,532,521
9,2,554,543
9,2,574,564
9,2,596,585
9,2,618,607
9,2,637,627
9,2,657,646
9,2,677,667
9,2,697,687
9,2,717,707
9,2,737,727
9,2,756,746
9,2,778,767
9,2,798,788
9,2,817,807
9,2,836,826
9,2,856,846
9,2,876,866
9,2,898,887
9,2,919,908
9,2,940,929
9,2,962,951
9,2,984,973
9,2,1006,995
9,2,1026,1016
9,3,22,11
9,3,44,33
9,3,63,53
9,3,83,73
9,3,105,94
9,3,125,115
9,3,143,133
9,3,164,153
9,3,181,171
9,3,203,192
9,3,222,212
9,3,242,232
9,3,264,253
9,3,282,272
9,3,303,292
9,3,324,313
9,3,346,335
9,3,368,357
9,3,390,379
9,3,408,398
9,3,428,418
9,3,449,438
9,3,471,460
9,3,493,482
9,3,515,504
9,3,537,526
9,3,557,547
9,3,578,567
9,3,597,587
9,3,617,607
9,3,639,628
9,3,657,646
9,3,679,668
9,3,701,690
9,3,723,712
9,3,745,734
9,3,765,755
9,3,785,775
9,3,805,795
9,3,827,816
9,3,849,838
9,3,869,859
9,3,887,877
9,3,908,897
9,3,926,916
9,3,945,935
9,3,967,956
9,3,989,978
9,3,1008,998
9,3,1028,1018
9,4,20,10
9,4,41,30
9,4,60,50
9,4,80,70
9,4,99,89
9,4,119,108
9,4,141,130
9,4,162,151
9,4,181,171
9,4,201,191
9,4,221,211
9,4,241,230
9,4,263,252
9,4,285,274
9,4,305,295
9,4,326,315
9,4,345,335
9,4,367,356
9,4,387,377
9,4,409,398
9,4,428,418
9,4,448,438
9,4,470,459
9,4,490,480
9,4,510,500
9,4,530,519
9,4,549,539
9,4,571,560
9,4,591,581
9,4,610,599
9,4,630,620
9,4,650,640
9,4,666,656
9,4,688,677
9,4,710,699
9,4,730,720
9,4,750,740
9,4,770,760
9,4,790,780
9,4,809,799
9,4,829,819
9,4,851,840
9,4,873,862
9,4,893,883
9,4,915,904
9,4,937,926
9,4,959,948
9,4,981,970
9,4,1001,991
9,4,1023,1012
9,5,20,10
9,5,40,30
9,5,60,50
9,5,81,70
9,5,100,90
9,5,120,110
9,5,139,129
9,5,159,148
9,5,179,169
9,5,199,189
9,5,220,209
9,5,242,231
9,5,264,253
9,5,283,273
9,5,305,294
9,5,325,315
9,5,345,335
9,5,367,356
9,5,387,377
9,5,407,397
9,5,426,416
9,5,448,437
9,5,469,458
9,5,490,479
9,5,512,501
9,5,534,523
9,5,555,544
9,5,577,566
9,5,597,587
9,5,619,608
9,5,641,630
9,5,662,651
9,5,684,673
9,5,705,694
9,5,727,716
9,5,747,737
9,5,767,756
9,5,789,778
9,5,811,800
9,5,833,822
9,5,853,842
9,5,874,863
9,5,893,882
9,5,912,902
9,5,933,922
9,5,953,943
9,5,972,962
9,5,994,983
9,5,1014,1004
9,5,1036,1025
10,1,12,2
10,1,24,14
10,1,36,26
10,1,57,46
10,1,69,59
10,1,89,78
10,1,110,99
10,1,129,118
10,1,141,131
10,1,161,150
10,1,182,171
10,1,193,183
10,1,205,195
10,1,216,206
10,1,237,226
10,1,258,247
10,1,270,260
10,1,282,272
10,1,294,284
10,1,306,296
10,1,325,314
10,1,337,327
10,1,349,339
10,1,369,358
10,1,381,371
10,1,393,383
10,1,403,393
10,1,415,405
10,1,427,417
10,1,439,429
10,1,450,440
10,1,471,460
10,1,491,480
10,1,512,501
10,1,524,514
10,1,535,525
10,1,555,544
10,1,575,564
10,1,585,575
10,1,597,587
10,1,618,607
10,1,638,627
10,1,650,640
10,1,670,659
10,1,691,680
10,1,712,701
10,1,733,722
10,1,745,735
10,1,766,755
10,1,787,776
10,2,21,10
10,2,33,23
10,2,53,42
10,2,64,54
10,2,84,73
10,2,105,94
10,2,116,106
10,2,127,117
10,2,138,128
10,2,158,147
10,2,179,168
10,2,199,188
10,2,210,200
10,2,222,212
10,2,243,232
10,2,255,245
10,2,275,264
10,2,295,284
10,2,316,305
10,2,337,326
10,2,356,345
10,2,367,357
10,2,377,367
10,2,397,386
10,2,408,398
10,2,429,418
10,2,450,439
10,2,462,452
10,2,483,472
10,2,504,493
10,2,515,505
10,2,534,523
10,2,546,536
10,2,558,548
10,2,570,560
10,2,582,572
10,2,593,583
10,2,614,603
10,2,626,616
10,2,637,627
10,2,648,638
10,2,660,650
10,2,672,662
10,2,693,682
10,2,713,702
10,2,733,722
10,2,754,743
10,2,775,764
10,2,796,785
10,2,808,798
10,3,21,10
10,3,42,31
10,3,53,43
10,3,65,55
10,3,86,75
10,3,98,88
10,3,108,98
10,3,128,117
10,3,137,127
10,3,158,147
10,3,169,159
10,3,181,171
10,3,202,191
10,3,212,202
10,3,232,221
10,3,252,241
10,3,273,262
10,3,294,283
10,3,315,304
10,3,325,315
10,3,337,327
10,3,357,346
10,3,378,367
10,3,399,388
10,3,420,409
10,3,441,430
10,3,453,443
10,3,473,462
10,3,484,474
10,3,496,486
10,3,517,506
10,3,534,523
10,3,555,544
10,3,576,565
10,3,597,586
10,3,618,607
10,3,630,620
10,3,642,632
10,3,654,644
10,3,675,664
10,3,696,685
10,3,708,698
10,3,718,708
10,3,738,727
10,3,748,738
10,3,759,749
10,3,780,769
10,3,801,790
10,3,812,802
10,3,824,814
10,4,12,2
10,4,32,21
10,4,43,33
10,4,55,45
10,4,66,56
10,4,85,74
10,4,106,95
10,4,126,115
10,4,137,127
10,4,149,139
10,4,161,151
10,4,180,169
10,4,201,190
10,4,222,211
10,4,234,224
10,4,254,243
10,4,265,255
10,4,286,275
10,4,298,288
10,4,319,308
10,4,330,320
10,4,342,332
10,4,363,352
10,4,375,365
10,4,387,377
10,4,406,395
10,4,417,407
10,4,438,427
10,4,450,440
10,4,468,457
10,4,480,470
10,4,492,482
10,4,500,490
10,4,521,510
10,4,542,531
10,4,554,544
10,4,566,556
10,4,578,568
10,4,590,580
10,4,601,591
10,4,613,603
10,4,634,623
10,4,655,644
10,4,667,657
10,4,688,677
10,4,709,698
10,4,730,719
10,4,751,740
10,4,763,753
10,4,784,773
10,5,12,2
10,5,24,14
10,5,36,26
10,5,56,45
10,5,67,57
10,5,79,69
10,5,90,80
10,5,109,98
10,5,121,111
10,5,133,123
10,5,153,142
10,5,174,163
10,5,195,184
10,5,206,196
10,5,227,216
10,5,239,229
10,5,251,241
10,5,272,261
10,5,284,274
10,5,296,286
10,5,307,297
10,5,328,317
10,5,348,337
10,5,368,357
10,5,389,378
10,5,410,399
10,5,430,419
10,5,451,440
10,5,463,453
10,5,484,473
10,5,505,494
10,5,525,514
10,5,546,535
10,5,566,555
10,5,587,576
10,5,599,589
10,5,618,607
10,5,639,628
10,5,660,649
10,5,681,670
10,5,700,689
10,5,720,709
10,5,738,727
10,5,749,739
10,5,769,758
10,5,781,771
10,5,792,782
10,5,813,802
10,5,825,815
10,5,846,835
